bandwidth_multiplier,mixing_weight,party,mean,sd,p05,p95,width90
0.25,0.0,DIV,9.343333333333334,1.059495473207908,8.0,11.0,3.0
0.25,0.0,NFP+,202.51333333333332,18.76406466176751,170.0,231.05,61.05000000000001
0.25,0.0,DVG,12.563333333333333,1.0406401854342795,11.0,14.0,3.0
0.25,0.0,ENS+,143.62333333333333,17.129297465485635,116.0,169.05,53.05000000000001
0.25,0.0,LR,20.92,8.860509509195383,9.0,36.05000000000001,27.05000000000001
0.25,0.0,DVD,18.07,4.301951800945574,12.0,25.0,13.0
0.25,0.0,RN+,169.96666666666667,32.82515078364126,114.95,221.20000000000005,106.25000000000004
0.5,0.0,DIV,9.386666666666667,1.0744006132793014,8.0,11.0,3.0
0.5,0.0,NFP+,198.44,19.499071241067202,165.95,231.05,65.10000000000002
0.5,0.0,DVG,12.473333333333333,1.0357920186546061,11.0,14.0,3.0
0.5,0.0,ENS+,142.80666666666667,18.67328557600131,113.0,171.0,58.0
0.5,0.0,LR,21.466666666666665,10.16497143971013,8.0,39.0,31.0
0.5,0.0,DVD,18.21,4.2950426429021435,12.0,25.0,13.0
0.5,0.0,RN+,174.21666666666667,34.791347320612644,117.95,227.05,109.10000000000001
1.0,0.0,DIV,9.283333333333333,1.1375568884545761,7.0,11.0,4.0
1.0,0.0,NFP+,201.62333333333333,21.706805543698238,166.8,235.05,68.25
1.0,0.0,DVG,12.506666666666666,1.0926734828036675,10.0,14.0,4.0
1.0,0.0,ENS+,142.9,21.020534632929312,109.95,175.0,65.05
1.0,0.0,LR,20.61,10.165745156255877,8.0,40.05000000000001,32.05000000000001
1.0,0.0,DVD,18.506666666666668,4.400891771391403,11.950000000000001,26.0,14.049999999999999
1.0,0.0,RN+,171.57,37.956123674773686,110.0,235.20000000000005,125.20000000000005
2.0,0.0,DIV,9.23,1.3252500237381852,7.0,11.0,4.0
2.0,0.0,NFP+,201.32333333333332,22.63389271026133,156.85,235.0,78.15
2.0,0.0,DVG,12.553333333333333,1.005248212525065,11.0,14.0,3.0
2.0,0.0,ENS+,142.79,21.791024048836945,109.0,177.0,68.0
2.0,0.0,LR,20.773333333333333,9.74878204667301,8.0,39.0,31.0
2.0,0.0,DVD,18.22,4.370576598039565,11.0,26.0,15.0
2.0,0.0,RN+,172.11,38.150177195746934,107.0,230.05,123.05000000000001
0.25,0.25,DIV,9.31,1.1423293692976058,8.0,11.0,3.0
0.25,0.25,NFP+,198.51,18.500019886096155,167.95,230.0,62.05000000000001
0.25,0.25,DVG,12.566666666666666,1.024232589248401,11.0,14.0,3.0
0.25,0.25,ENS+,144.10666666666665,17.462869033231478,115.0,172.0,57.0
0.25,0.25,LR,21.08,9.804456020582263,9.0,39.0,30.0
0.25,0.25,DVD,18.55666666666667,4.053173605519155,12.0,26.0,14.0
0.25,0.25,RN+,172.87,33.03053872243555,120.95,223.05,102.10000000000001
0.5,0.25,DIV,9.293333333333333,1.1712650261264437,8.0,11.0,3.0
0.5,0.25,NFP+,199.79333333333332,18.740543806484506,168.0,229.05,61.05000000000001
0.5,0.25,DVG,12.55,1.0284416890093029,11.0,14.0,3.0
0.5,0.25,ENS+,143.58,19.19196110973181,113.95,172.05,58.10000000000001
0.5,0.25,LR,21.35,9.814031658360612,9.0,38.05000000000001,29.05000000000001
0.5,0.25,DVD,18.633333333333333,4.499597405501319,12.0,27.0,15.0
0.5,0.25,RN+,171.8,35.499399401391734,117.9,230.05,112.15
1.0,0.25,DIV,9.49,1.2497089962270562,7.950000000000001,12.0,4.049999999999999
1.0,0.25,NFP+,202.0,21.998479728560632,161.95,238.0,76.05000000000001
1.0,0.25,DVG,12.523333333333333,1.0676712799808166,11.0,14.0,3.0
1.0,0.25,ENS+,143.94333333333333,20.787991506117585,110.0,176.0,66.0
1.0,0.25,LR,20.046666666666667,9.793408927280908,8.0,39.0,31.0
1.0,0.25,DVD,18.21,4.460068088926394,11.0,25.05000000000001,14.050000000000011
1.0,0.25,RN+,170.78666666666666,37.285769191066095,108.95,231.05,122.10000000000001
2.0,0.25,DIV,9.46,1.306684640287732,7.0,12.0,5.0
2.0,0.25,NFP+,199.26666666666668,24.926156270947615,153.85,237.05,83.20000000000002
2.0,0.25,DVG,12.55,0.9920250563239731,11.0,14.0,3.0
2.0,0.25,ENS+,142.91666666666666,21.976341540709985,106.0,176.05,70.05000000000001
2.0,0.25,LR,22.036666666666665,10.298974957382807,8.0,40.0,32.0
2.0,0.25,DVD,18.666666666666668,4.319461546194432,12.950000000000001,26.0,13.049999999999999
2.0,0.25,RN+,172.10333333333332,39.40153455522484,102.9,232.05,129.15
0.25,0.5,DIV,9.236666666666666,1.232498436866548,7.0,11.0,4.0
0.25,0.5,NFP+,198.56,19.708402703510647,166.0,231.0,65.0
0.25,0.5,DVG,12.576666666666666,1.0807477076454175,11.0,14.0,3.0
0.25,0.5,ENS+,143.53,18.682412633437366,114.0,174.0,60.0
0.25,0.5,LR,21.663333333333334,9.915528962402174,9.0,39.0,30.0
0.25,0.5,DVD,18.523333333333333,4.165809499345637,12.0,26.0,14.0
0.25,0.5,RN+,172.91,35.403860587252424,112.9,230.0,117.1
0.5,0.5,DIV,9.29,1.3285770797572067,7.0,11.0,4.0
0.5,0.5,NFP+,199.39666666666668,20.09623974100583,166.0,230.10000000000002,64.10000000000002
0.5,0.5,DVG,12.546666666666667,0.9955531002783335,11.0,14.0,3.0
0.5,0.5,ENS+,144.00333333333333,19.65224392258719,110.95,175.0,64.05
0.5,0.5,LR,20.506666666666668,9.733056913348644,8.0,38.05000000000001,30.05000000000001
0.5,0.5,DVD,18.456666666666667,4.568481765425538,11.950000000000001,26.05000000000001,14.10000000000001
0.5,0.5,RN+,172.8,33.83256035933768,113.9,226.0,112.1
1.0,0.5,DIV,9.263333333333334,1.3515711984837468,7.0,11.0,4.0
1.0,0.5,NFP+,201.52666666666667,20.646959712593695,164.0,232.05,68.05000000000001
1.0,0.5,DVG,12.49,1.1609159110410887,10.0,14.0,4.0
1.0,0.5,ENS+,145.03333333333333,22.07388525512467,108.0,180.0,72.0
1.0,0.5,LR,21.563333333333333,11.013187088898128,8.0,41.0,33.0
1.0,0.5,DVD,18.773333333333333,4.505138896543151,12.0,26.0,14.0
1.0,0.5,RN+,168.35,37.04061993384576,105.0,228.10000000000002,123.10000000000002
2.0,0.5,DIV,9.41,1.4077782015938956,7.0,12.0,5.0
2.0,0.5,NFP+,199.26333333333332,22.74816297237239,157.95,232.05,74.10000000000002
2.0,0.5,DVG,12.6,0.9745936465623671,11.0,14.0,3.0
2.0,0.5,ENS+,141.93666666666667,23.589139036652522,102.95,177.05,74.10000000000001
2.0,0.5,LR,20.75,10.281042397340832,8.0,40.0,32.0
2.0,0.5,DVD,18.03,4.860849671793253,11.950000000000001,27.0,15.049999999999999
2.0,0.5,RN+,175.01,41.543987648021904,112.0,243.05,131.05
0.25,0.75,DIV,9.373333333333333,1.3589621589238037,7.0,11.0,4.0
0.25,0.75,NFP+,198.96666666666667,20.096561767421683,167.0,231.0,64.0
0.25,0.75,DVG,12.593333333333334,1.0479900601194905,11.0,14.0,3.0
0.25,0.75,ENS+,143.78333333333333,19.81493952341543,114.0,176.05,62.05000000000001
0.25,0.75,LR,20.486666666666668,9.769063631502426,8.0,39.0,31.0
0.25,0.75,DVD,18.59,4.4378163601959395,12.0,26.05000000000001,14.050000000000011
0.25,0.75,RN+,173.20666666666668,37.47307558146252,111.9,233.10000000000002,121.20000000000002
0.5,0.75,DIV,9.34,1.3051480265615307,7.0,11.0,4.0
0.5,0.75,NFP+,198.09333333333333,21.18175736427502,157.0,231.0,74.0
0.5,0.75,DVG,12.6,0.9607689228305228,11.0,14.0,3.0
0.5,0.75,ENS+,144.65333333333334,20.29613096123349,113.0,177.05,64.05000000000001
0.5,0.75,LR,20.426666666666666,9.472965699965947,8.0,39.0,31.0
0.5,0.75,DVD,18.783333333333335,4.581815396760202,11.0,27.0,16.0
0.5,0.75,RN+,173.10333333333332,37.21688205535174,111.0,229.05,118.05000000000001
1.0,0.75,DIV,9.333333333333334,1.2757929748216348,7.0,11.0,4.0
1.0,0.75,NFP+,200.81,22.04299310779962,161.95,235.0,73.05000000000001
1.0,0.75,DVG,12.453333333333333,1.1069054556954643,10.0,14.0,4.0
1.0,0.75,ENS+,144.53,22.415708329943765,107.95,179.05,71.10000000000001
1.0,0.75,LR,21.096666666666668,10.534256376868797,8.0,40.0,32.0
1.0,0.75,DVD,18.773333333333333,4.8463297379203425,11.0,27.0,16.0
1.0,0.75,RN+,170.00333333333333,39.71162760172579,108.0,235.15000000000003,127.15000000000003
2.0,0.75,DIV,9.243333333333334,1.3577926542229346,7.0,11.0,4.0
2.0,0.75,NFP+,200.04666666666665,23.343110867494275,156.95,235.0,78.05000000000001
2.0,0.75,DVG,12.546666666666667,1.0700337047588526,11.0,14.0,3.0
2.0,0.75,ENS+,143.18333333333334,24.12085767142009,105.95,181.0,75.05
2.0,0.75,LR,20.206666666666667,10.229341146420676,7.0,40.0,33.0
2.0,0.75,DVD,18.586666666666666,4.598511707276833,11.0,26.05000000000001,15.050000000000011
2.0,0.75,RN+,173.18666666666667,40.80689276596458,104.95,236.05,131.10000000000002
0.25,1.0,DIV,9.26,1.2927893671538635,7.0,11.0,4.0
0.25,1.0,NFP+,201.23,23.68262349315199,157.85,233.0,75.15
0.25,1.0,DVG,12.54,1.095017600383894,11.0,14.0,3.0
0.25,1.0,ENS+,143.53666666666666,25.251550279682103,101.0,181.0,80.0
0.25,1.0,LR,19.893333333333334,10.033820178783158,7.0,40.0,33.0
0.25,1.0,DVD,18.32,4.823049452376255,10.0,27.0,17.0
0.25,1.0,RN+,172.22,39.455045330181655,110.95,235.10000000000002,124.15000000000002
0.5,1.0,DIV,9.26,1.2927893671538635,7.0,11.0,4.0
0.5,1.0,NFP+,201.23,23.68262349315199,157.85,233.0,75.15
0.5,1.0,DVG,12.54,1.095017600383894,11.0,14.0,3.0
0.5,1.0,ENS+,143.53666666666666,25.251550279682103,101.0,181.0,80.0
0.5,1.0,LR,19.893333333333334,10.033820178783158,7.0,40.0,33.0
0.5,1.0,DVD,18.32,4.823049452376255,10.0,27.0,17.0
0.5,1.0,RN+,172.22,39.455045330181655,110.95,235.10000000000002,124.15000000000002
1.0,1.0,DIV,9.26,1.2927893671538635,7.0,11.0,4.0
1.0,1.0,NFP+,201.23,23.68262349315199,157.85,233.0,75.15
1.0,1.0,DVG,12.54,1.095017600383894,11.0,14.0,3.0
1.0,1.0,ENS+,143.53666666666666,25.251550279682103,101.0,181.0,80.0
1.0,1.0,LR,19.893333333333334,10.033820178783158,7.0,40.0,33.0
1.0,1.0,DVD,18.32,4.823049452376255,10.0,27.0,17.0
1.0,1.0,RN+,172.22,39.455045330181655,110.95,235.10000000000002,124.15000000000002
2.0,1.0,DIV,9.26,1.2927893671538635,7.0,11.0,4.0
2.0,1.0,NFP+,201.23,23.68262349315199,157.85,233.0,75.15
2.0,1.0,DVG,12.54,1.095017600383894,11.0,14.0,3.0
2.0,1.0,ENS+,143.53666666666666,25.251550279682103,101.0,181.0,80.0
2.0,1.0,LR,19.893333333333334,10.033820178783158,7.0,40.0,33.0
2.0,1.0,DVD,18.32,4.823049452376255,10.0,27.0,17.0
2.0,1.0,RN+,172.22,39.455045330181655,110.95,235.10000000000002,124.15000000000002
