parti,parametre,colonne,decile,p05,p50,p95
RN+,Concentration α,alpha,0,86.475,122.5,157.02499999999998
RN+,Concentration α,alpha,1,90.475,122.75,160.52499999999998
RN+,Concentration α,alpha,2,99.975,127.5,162.02499999999998
RN+,Concentration α,alpha,3,100.875,128.0,163.575
RN+,Concentration α,alpha,4,98.45,133.5,166.59999999999997
RN+,Concentration α,alpha,5,102.975,136.5,170.09999999999997
RN+,Concentration α,alpha,6,102.92500000000001,136.5,175.02499999999998
RN+,Concentration α,alpha,7,108.95,144.0,180.12499999999994
RN+,Concentration α,alpha,8,109.475,144.0,183.04999999999998
RN+,Concentration α,alpha,9,112.975,149.75,189.575
RN+,Corrélation département ρd,department_correlation,0,99.475,131.5,165.52499999999998
RN+,Corrélation département ρd,department_correlation,1,95.975,132.5,177.54999999999998
RN+,Corrélation département ρd,department_correlation,2,98.9,135.0,179.0
RN+,Corrélation département ρd,department_correlation,3,99.35000000000001,133.0,174.075
RN+,Corrélation département ρd,department_correlation,4,100.35,136.25,175.59999999999997
RN+,Corrélation département ρd,department_correlation,5,99.95,135.0,179.54999999999998
RN+,Corrélation département ρd,department_correlation,6,102.45,136.5,174.62499999999994
RN+,Corrélation département ρd,department_correlation,7,99.5,134.25,170.54999999999998
RN+,Corrélation département ρd,department_correlation,8,99.0,133.0,173.67499999999995
RN+,Corrélation département ρd,department_correlation,9,94.975,134.75,174.04999999999998
RN+,Corrélation région ρr,region_correlation,0,102.975,136.0,176.02499999999998
RN+,Corrélation région ρr,region_correlation,1,99.42500000000001,135.0,175.02499999999998
RN+,Corrélation région ρr,region_correlation,2,101.0,137.0,174.04999999999998
RN+,Corrélation région ρr,region_correlation,3,100.45,134.0,174.54999999999998
RN+,Corrélation région ρr,region_correlation,4,93.4,132.75,177.075
RN+,Corrélation région ρr,region_correlation,5,98.45,134.5,175.64999999999995
RN+,Corrélation région ρr,region_correlation,6,98.42500000000001,132.0,176.09999999999997
RN+,Corrélation région ρr,region_correlation,7,95.975,133.5,176.54999999999998
RN+,Corrélation région ρr,region_correlation,8,99.975,132.0,175.575
RN+,Corrélation région ρr,region_correlation,9,99.975,134.25,173.0
RN+,Démobilisation d,qualified_demobilisation,0,109.45,143.0,176.67499999999995
RN+,Démobilisation d,qualified_demobilisation,1,103.42500000000001,138.75,178.54999999999998
RN+,Démobilisation d,qualified_demobilisation,2,104.45,137.0,180.02499999999998
RN+,Démobilisation d,qualified_demobilisation,3,102.975,135.75,176.575
RN+,Démobilisation d,qualified_demobilisation,4,102.95,136.0,173.075
RN+,Démobilisation d,qualified_demobilisation,5,97.92500000000001,132.5,184.02499999999998
RN+,Démobilisation d,qualified_demobilisation,6,98.975,131.75,164.075
RN+,Démobilisation d,qualified_demobilisation,7,97.45,131.75,169.04999999999998
RN+,Démobilisation d,qualified_demobilisation,8,91.42500000000001,129.0,164.5
RN+,Démobilisation d,qualified_demobilisation,9,88.95,127.0,172.04999999999998
RN+,Dérive nationale δnat,delta_nat,0,99.475,133.5,172.5
RN+,Dérive nationale δnat,delta_nat,1,98.42500000000001,136.0,180.02499999999998
RN+,Dérive nationale δnat,delta_nat,2,99.975,138.5,185.02499999999998
RN+,Dérive nationale δnat,delta_nat,3,104.42500000000001,135.75,176.52499999999998
RN+,Dérive nationale δnat,delta_nat,4,99.95,134.0,175.04999999999998
RN+,Dérive nationale δnat,delta_nat,5,101.45,135.5,169.5
RN+,Dérive nationale δnat,delta_nat,6,99.0,132.75,175.04999999999998
RN+,Dérive nationale δnat,delta_nat,7,99.95,132.0,173.04999999999998
RN+,Dérive nationale δnat,delta_nat,8,99.92500000000001,133.0,176.67499999999995
RN+,Dérive nationale δnat,delta_nat,9,92.42500000000001,130.5,170.575
RN+,Mélange national λ,mixing_weight,0,106.475,134.0,160.52499999999998
RN+,Mélange national λ,mixing_weight,1,103.45,134.75,165.12499999999994
RN+,Mélange national λ,mixing_weight,2,102.475,134.25,168.52499999999998
RN+,Mélange national λ,mixing_weight,3,101.4,135.25,175.075
RN+,Mélange national λ,mixing_weight,4,103.475,134.5,174.04999999999998
RN+,Mélange national λ,mixing_weight,5,97.42500000000001,130.75,173.02499999999998
RN+,Mélange national λ,mixing_weight,6,95.45,133.75,175.575
RN+,Mélange national λ,mixing_weight,7,99.5,136.75,186.04999999999998
RN+,Mélange national λ,mixing_weight,8,95.475,135.0,187.54999999999998
RN+,Mélange national λ,mixing_weight,9,89.92500000000001,131.75,183.54999999999998
RN+,Rétention des non-exprimés,non_expressed_retention,0,94.35,136.25,179.09999999999997
RN+,Rétention des non-exprimés,non_expressed_retention,1,97.45,134.5,174.67499999999995
RN+,Rétention des non-exprimés,non_expressed_retention,2,101.975,133.0,173.54999999999998
RN+,Rétention des non-exprimés,non_expressed_retention,3,100.45,136.5,177.54999999999998
RN+,Rétention des non-exprimés,non_expressed_retention,4,101.475,134.25,174.54999999999998
RN+,Rétention des non-exprimés,non_expressed_retention,5,98.475,134.5,174.14999999999995
RN+,Rétention des non-exprimés,non_expressed_retention,6,98.475,132.75,173.14999999999995
RN+,Rétention des non-exprimés,non_expressed_retention,7,98.45,132.5,169.64999999999995
RN+,Rétention des non-exprimés,non_expressed_retention,8,101.45,133.0,173.575
RN+,Rétention des non-exprimés,non_expressed_retention,9,99.475,133.5,176.54999999999998
RN+,Tilt τ,tilt,0,98.92500000000001,134.0,179.04999999999998
RN+,Tilt τ,tilt,1,101.92500000000001,134.5,175.575
RN+,Tilt τ,tilt,2,100.42500000000001,135.25,179.575
RN+,Tilt τ,tilt,3,97.42500000000001,134.0,177.575
RN+,Tilt τ,tilt,4,101.0,134.0,172.04999999999998
RN+,Tilt τ,tilt,5,96.375,133.0,170.0
RN+,Tilt τ,tilt,6,100.42500000000001,134.75,175.02499999999998
RN+,Tilt τ,tilt,7,98.45,133.5,168.62499999999994
RN+,Tilt τ,tilt,8,98.4,135.0,175.09999999999997
RN+,Tilt τ,tilt,9,99.95,133.5,176.09999999999997
RN+,toutes,toutes,-1,99.0,134.0,175.5
RN+,Écart local δ0101,delta_district,0,101.42500000000001,134.25,176.09999999999997
RN+,Écart local δ0101,delta_district,1,102.92500000000001,135.5,175.52499999999998
RN+,Écart local δ0101,delta_district,2,97.92500000000001,137.0,177.04999999999998
RN+,Écart local δ0101,delta_district,3,98.95,132.75,175.54999999999998
RN+,Écart local δ0101,delta_district,4,97.5,133.5,169.52499999999998
RN+,Écart local δ0101,delta_district,5,100.92500000000001,132.0,176.04999999999998
RN+,Écart local δ0101,delta_district,6,95.975,135.0,171.575
RN+,Écart local δ0101,delta_district,7,100.95,133.5,173.02499999999998
RN+,Écart local δ0101,delta_district,8,97.95,134.25,175.59999999999997
RN+,Écart local δ0101,delta_district,9,99.32500000000002,136.0,175.02499999999998
